year_decimal,horizon_minutes,label
2025.5833333333333,38.04355536848158,Agent-0
2026.1666666666667,284.39035766342005,Agent-1
