year_decimal,horizon_minutes,label
2025.5833333333333,30.06211829353028,Agent-0
2026.1666666666667,152.83341804404998,Agent-1
